{"cameraMode":{"drawMode":0,"name":"Shaded","section":"Shading Mode"},"sceneLighting":true,"audioPlay":false,"sceneViewState":{"showFog":true,"showMaterialUpdate":false,"showSkybox":true,"showFlares":true,"showImageEffects":true,"showParticleSystems":true},"in2DMode":false,"pivot":{"x":0.8155275583267212,"y":0.7481067776679993,"z":-0.059460073709487918},"rotation":{"x":-0.0029355224687606098,"y":-0.9414434432983398,"z":0.33706414699554446,"w":-0.008199093863368035},"size":3.9073946475982668,"orthographic":false}