{"cameraMode":{"drawMode":0,"name":"Shaded","section":"Shading Mode"},"sceneLighting":true,"audioPlay":false,"sceneViewState":{"showFog":true,"showMaterialUpdate":false,"showSkybox":true,"showFlares":true,"showImageEffects":true,"showParticleSystems":true},"in2DMode":false,"pivot":{"x":-0.21987953782081605,"y":-1.064868450164795,"z":2.6319923400878908},"rotation":{"x":0.06016360595822334,"y":0.9190999269485474,"z":-0.35734134912490847,"w":0.15474455058574677},"size":10.376446723937989,"orthographic":false}